{
    "name": "Python 3",
    "image": "mcr.microsoft.com/devcontainers/python:1-3.11-bullseye",
    "customizations": {
      "codespaces": {
        "openFiles": [
          "README.md",
          "dropbox-reviews-analytics/src/app.py"
        ]
      },
      "vscode": {
        "settings": {},
        "extensions": [
          "ms-python.python",
          "ms-python.vscode-pylance"
        ]
      }
    },
    "updateContentCommand": "[ -f packages.txt ] && sudo apt update && sudo apt upgrade -y && sudo xargs apt install -y <packages.txt; [ -f requirements.txt ] && pip3 install --user -r requirements.txt; pip3 install --user streamlit; echo '✅ Packages installed and Requirements met'",
    "postAttachCommand": {
      "server": "streamlit run dropbox-reviews-analytics/src/app.py --server.enableCORS false --server.enableXsrfProtection false"
    },
    "portsAttributes": {
      "8501": {
        "label": "Application",
        "onAutoForward": "openPreview"
      }
    },
    "forwardPorts": [
      8501
    ]
  }